2,406,1,1,1,10.5281/zenodo.6344960,https://gitlab.inria.fr/nest-public/nest-artifact
5,167,1,1,1,10.5281/zenodo.6336004,https://github.com/NingBellWind/AppleS_Artifact
6,578,1,1,1,10.5281/zenodo.6347736,https://github.com/CASP-Systems-BU/Gadget
10,206,1,1,1,10.5281/zenodo.6338745,https://github.com/mstniy/safepm
16,513,1,1,0,10.5281/zenodo.6337790,https://github.com/dream-lab/wicm/tree/Eurosys2022
17,18,1,1,1,10.5281/zenodo.6345713,https://github.com/flexible-address-space/eurosys22-artifact
19,170,1,1,1,10.5281/zenodo.6345303,https://github.com/oscarlab/betrfs
22,318,1,1,1,10.5281/zenodo.6336301,https://github.com/securesystemslab/PKRU-Safe
26,63,1,1,1,10.5281/zenodo.6335844,https://github.com/shenweihai1/rolis-eurosys2022
31,120,1,0,0,10.5281/zenodo.6335690,https://github.com/IBM/api-tracing-app-management
33,265,1,1,1,,https://github.com/bencw12/in-monitor-rando-benchmarking
37,117,1,1,0,10.5281/zenodo.6345869,https://github.com/mlsys-seo/ooo-backprop
44,182,1,0,0,10.5281/zenodo.6349594,https://github.com/CARV-ICS-FORTH/tebis
52,185,1,1,1,10.5281/zenodo.6336200,https://github.com/XiaZhouZero/OPEC
54,468,1,1,1,10.5281/zenodo.6349596,https://github.com/resource-disaggregation/jiffy-artifact
55,210,1,1,1,10.5281/zenodo.6345350,https://github.com/erdos-project/erdos
56,151,1,0,0,10.5281/zenodo.6336196,https://github.com/luziyi23/p2KVS/
57,460,1,1,1,10.5281/zenodo.6348174,
59,716,1,1,0,10.5281/zenodo.6353717,https://github.com/asonnino/narwhal
60,336,1,1,0,10.5281/zenodo.6359660,https://github.com/microsoft/varuna/
61,269,1,1,0,10.5281/zenodo.6344032,https://github.com/hyperledger-labs/mirbft/tree/research-iss
63,32,1,1,1,10.5281/zenodo.6342303,https://github.com/lingfenghsiang/Persistent-Memory-Study
64,260,1,1,1,10.5281/zenodo.6345733,https://github.com/StarsThu2016/LiteReconfig_AE
76,112,1,1,0,10.5281/zenodo.6336103,https://github.com/synercys/eurosys-kfuse-artifact
81,157,1,1,1,,https://github.com/vrahli/damysus
82,50,1,0,0,10.5281/zenodo.6360235,https://github.com/ReMon-MVEE/ReMon
84,4,1,1,1,10.5281/zenodo.6350453,https://github.com/virtines/wasp
86,207,1,1,1,10.5281/zenodo.6360540,https://github.com/softsys4ai/unicorn
87,45,1,1,1,10.5281/zenodo.6347456,https://github.com/SJTU-IPADS/fgnn-artifacts/tree/0abc7182
92,531,1,1,1,10.5281/zenodo.6337102,https://github.com/Mic92/vmsh
93,297,1,1,0,10.5281/zenodo.6354775,https://github.com/asch/dis
94,100,1,0,0,10.5281/zenodo.6360833,https://github.com/ucsdsysnet/faasnap
95,604,1,0,0,10.5281/zenodo.6374411,https://github.com/DivyanshuSaxena/Medes